key,SUBZONE_C,REGION_N,planning_area,subzone,pop,pop65,pop75,pop85,pct65,pct75,area_km2,residential,lisa_pct65,walk_home_m,pct_pt_access,pop65_no_pt,dist_km_any,nearest_any,dist_km_public,nearest_public,extra_km_public,pct_1_2room,pct_1_3room,bv_cluster,high_need,far_from_hospital,low_pt_access,low_income
BUKIT MERAH|DEPOT ROAD,BMSZ12,CENTRAL REGION,Bukit Merah,Depot Road,6400,1210,620,150,18.90625,9.6875,0.44229750956256103,True,Low-High,100.88392635602668,100.0,0.0,1.186289936757119,Alexandra Hospital,1.186289936757119,Alexandra Hospital,0.0,2.293577981651376,7.339449541284404,Not significant,False,False,False,False
BUKIT MERAH|BUKIT MERAH,BMSZ02,CENTRAL REGION,Bukit Merah,Bukit Merah,1050,320,170,40,30.476190476190474,16.19047619047619,0.4117228302482718,True,High-High,51.79292862047512,100.0,0.0,1.5964058085412716,Alexandra Hospital,1.5964058085412716,Alexandra Hospital,0.0,0.0,13.513513513513514,Not significant,True,False,False,False
OUTRAM|CHINATOWN,OTSZ03,CENTRAL REGION,Outram,Chinatown,9990,2350,1170,370,23.523523523523522,11.711711711711711,0.5872226793521452,True,Not significant,84.19326006676945,100.0,0.0,0.7104148053578407,Singapore General Hospital,0.7104148053578407,Singapore General Hospital,0.0,9.246901811248808,33.6510962821735,High elderly - Near,False,False,False,True
OUTRAM|CHINA SQUARE,OTSZ04,CENTRAL REGION,Outram,China Square,1290,510,240,70,39.53488372093023,18.6046511627907,0.13300693601377775,True,Not significant,57.554445522616014,100.0,0.0,1.230186580209309,Singapore General Hospital,1.230186580209309,Singapore General Hospital,0.0,0.0,90.9090909090909,High elderly - Near,True,False,False,False
BUKIT MERAH|TIONG BAHRU,BMSZ10,CENTRAL REGION,Bukit Merah,Tiong Bahru,12190,2760,1360,380,22.641509433962263,11.156685808039377,0.4481275844471756,True,High-High,137.87937813268903,100.0,0.0,0.9039578195046987,Singapore General Hospital,0.9039578195046987,Singapore General Hospital,0.0,3.025601241272304,24.282389449185416,High elderly - Near,False,False,False,False
BUKIT MERAH|TIONG BAHRU STATION,BMSZ04,CENTRAL REGION,Bukit Merah,Tiong Bahru Station,14280,3300,1590,540,23.10924369747899,11.134453781512605,0.35078756142620326,True,High-High,111.43622749424185,100.0,0.0,1.1158072092231155,Singapore General Hospital,1.1158072092231155,Singapore General Hospital,0.0,10.714285714285714,15.343915343915343,Not significant,False,False,False,True
RIVER VALLEY|INSTITUTION HILL,RVSZ05,CENTRAL REGION,River Valley,Institution Hill,4470,500,230,40,11.185682326621924,5.145413870246085,0.39256333976585445,True,Not significant,170.36612522244954,100.0,0.0,1.2546692254007354,Mount Elizabeth Hospital,1.6618909378330597,Singapore General Hospital,0.4072217124323243,0.0,0.0,Low elderly - Near,False,False,False,False
SINGAPORE RIVER|ROBERTSON QUAY,SRSZ01,CENTRAL REGION,Singapore River,Robertson Quay,4510,440,160,40,9.75609756097561,3.5476718403547673,0.506588959073925,True,Not significant,131.4071357410895,100.0,0.0,1.3566332615025127,Singapore General Hospital,1.4859102855693649,Singapore General Hospital,0.12927702406685215,0.0,0.0,Low elderly - Near,False,False,False,False
OUTRAM|PEARL'S HILL,OTSZ01,CENTRAL REGION,Outram,Pearl's Hill,5620,2030,950,330,36.120996441281136,16.90391459074733,0.5616085596850785,True,Not significant,140.3636226669459,100.0,0.0,0.9358275853954136,Singapore General Hospital,0.9358275853954136,Singapore General Hospital,0.0,70.58823529411765,88.0718954248366,High elderly - Near,True,False,False,True
BUKIT MERAH|HENDERSON HILL,BMSZ08,CENTRAL REGION,Bukit Merah,Henderson Hill,10830,3460,1730,540,31.948291782086795,15.974145891043397,0.5952467225408516,True,Not significant,109.19757682285955,100.0,0.0,1.7170141396205656,Singapore General Hospital,1.7256450117814732,Singapore General Hospital,0.008630872160907632,27.62762762762763,59.609609609609606,Not significant,True,False,False,True
BUKIT MERAH|REDHILL,BMSZ03,CENTRAL REGION,Bukit Merah,Redhill,11110,2010,880,260,18.09180918091809,7.920792079207921,0.38761159574554294,True,Not significant,106.18589012329551,100.0,0.0,1.8040277710452182,Alexandra Hospital,1.8127784217005671,Alexandra Hospital,0.008750650655348968,18.07909604519774,21.468926553672315,Not significant,False,False,False,True
BUKIT MERAH|ALEXANDRA HILL,BMSZ07,CENTRAL REGION,Bukit Merah,Alexandra Hill,12630,3860,1750,480,30.56215360253365,13.855898653998416,1.030378786043151,True,Not significant,76.83872008909619,100.0,0.0,1.0623659151104172,Alexandra Hospital,1.0623659151104172,Alexandra Hospital,0.0,27.946627131208302,46.18235730170497,Not significant,True,False,False,True
BUKIT MERAH|BUKIT HO SWEE,BMSZ09,CENTRAL REGION,Bukit Merah,Bukit Ho Swee,13060,4030,1900,530,30.857580398162327,14.548238897396631,0.551732053031667,True,Not significant,131.98678626184855,100.0,0.0,1.3926888058846632,Singapore General Hospital,1.393759166841707,Singapore General Hospital,0.0010703609570439365,24.600416956219597,61.08408617095205,High elderly - Near,True,False,False,True
QUEENSTOWN|PASIR PANJANG 1,QTSZ13,CENTRAL REGION,Queenstown,Pasir Panjang 1,4830,820,350,80,16.977225672877847,7.246376811594203,1.0847923206018009,True,Low-Low,88.04855887525396,100.0,0.0,1.3176720150798684,National University Hospital,1.3176720150798684,National University Hospital,0.0,0.0,0.0,Not significant,False,False,False,False
SOUTHERN ISLANDS|SENTOSA,SISZ01,CENTRAL REGION,Southern Islands,Sentosa,2870,350,110,20,12.195121951219512,3.832752613240418,4.919832815524336,True,Not significant,428.52179545335133,53.354713559033144,163.258502543384,3.8860201656017015,Singapore General Hospital,3.8860201656017015,Singapore General Hospital,0.0,0.0,0.0,Not significant,False,True,True,False
BUKIT MERAH|MARITIME SQUARE,BMSZ01,CENTRAL REGION,Bukit Merah,Maritime Square,5660,710,340,110,12.54416961130742,6.007067137809187,2.698655028660585,True,Low-High,222.95771437552972,86.92059013208542,92.86381006219344,2.343284358898113,Alexandra Hospital,2.343284358898113,Alexandra Hospital,0.0,0.0,0.0,Not significant,False,False,False,False
BUKIT MERAH|TELOK BLANGAH RISE,BMSZ15,CENTRAL REGION,Bukit Merah,Telok Blangah Rise,11210,3760,1860,440,33.54148082069581,16.592328278322928,0.5334626817138977,True,High-High,103.3734464855751,100.0,0.0,1.4815145751168588,Singapore General Hospital,1.4815145751168588,Singapore General Hospital,0.0,6.91358024691358,39.4238683127572,High elderly - Near,True,False,False,True
DOWNTOWN CORE|TANJONG PAGAR,DTSZ09,CENTRAL REGION,Downtown Core,Tanjong Pagar,1150,110,30,10,9.565217391304348,2.608695652173913,0.14551866386968662,True,Low-High,79.24646298091058,100.0,0.0,1.2265201388169928,Singapore General Hospital,1.2265201388169928,Singapore General Hospital,0.0,0.0,0.0,Low elderly - Near,False,False,False,False
BUKIT MERAH|EVERTON PARK,BMSZ16,CENTRAL REGION,Bukit Merah,Everton Park,7410,2010,1010,300,27.125506072874494,13.630229419703104,0.6357040566759641,True,Not significant,132.88083118663693,100.0,0.0,0.5561562587925322,Singapore General Hospital,0.5561562587925322,Singapore General Hospital,0.0,5.377720870678617,25.224071702944943,High elderly - Near,True,False,False,False
BUKIT MERAH|TELOK BLANGAH WAY,BMSZ14,CENTRAL REGION,Bukit Merah,Telok Blangah Way,8090,2540,1190,340,31.396786155747836,14.709517923362176,0.27682681246514823,True,High-High,111.24001686681659,100.0,0.0,1.7942024108756631,Singapore General Hospital,1.7942024108756631,Singapore General Hospital,0.0,18.526543878656554,66.08884073672806,Not significant,True,False,False,True
BUKIT MERAH|KAMPONG TIONG BAHRU,BMSZ11,CENTRAL REGION,Bukit Merah,Kampong Tiong Bahru,9690,2800,1370,390,28.895768833849328,14.13828689370485,0.3653334261961301,True,High-High,125.86240767262414,100.0,0.0,0.781780233821265,Singapore General Hospital,0.781780233821265,Singapore General Hospital,0.0,21.753607103218645,65.37180910099889,High elderly - Near,True,False,False,True
BUKIT MERAH|TELOK BLANGAH DRIVE,BMSZ13,CENTRAL REGION,Bukit Merah,Telok Blangah Drive,18570,4440,2190,610,23.909531502423263,11.793214862681745,1.455032962622764,True,Not significant,97.7927558310507,100.0,0.0,1.6404761321125811,Alexandra Hospital,1.6404761321125811,Alexandra Hospital,0.0,8.022774327122153,34.886128364389236,Not significant,False,False,False,True
QUEENSTOWN|PASIR PANJANG 2,QTSZ14,CENTRAL REGION,Queenstown,Pasir Panjang 2,3640,720,280,50,19.78021978021978,7.6923076923076925,0.8532065732974722,True,Not significant,269.50596446478835,78.43969719345873,155.2341802070972,1.3797421917845054,Alexandra Hospital,1.3797421917845054,Alexandra Hospital,0.0,0.0,0.0,Low elderly - Near,False,False,True,False
DOWNTOWN CORE|CENTRAL SUBZONE,DTSZ11,CENTRAL REGION,Downtown Core,Central Subzone,1690,110,20,0,6.508875739644971,1.183431952662722,1.07072325636388,True,Low-High,113.2063777303384,100.0,0.0,1.9883662093841727,Singapore General Hospital,1.9883662093841727,Singapore General Hospital,0.0,0.0,0.0,Low elderly - Near,False,False,False,False
DOWNTOWN CORE|BUGIS,DTSZ01,CENTRAL REGION,Downtown Core,Bugis,1720,290,150,60,16.86046511627907,8.720930232558139,0.280174766699836,True,Low-High,36.77297712666717,100.0,0.0,0.3115845318376469,Raffles Hospital,1.7335389657366864,KK Women's and Children's Hospital,1.4219544338990395,0.0,0.0,Low elderly - Near,False,False,False,False
ROCHOR|VICTORIA,RCSZ10,CENTRAL REGION,Rochor,Victoria,1740,600,310,80,34.48275862068966,17.816091954022987,0.21425029813163127,True,Not significant,148.22078539524074,100.0,0.0,0.37155006270494106,Raffles Hospital,1.3209817427943895,KK Women's and Children's Hospital,0.9494316800894484,0.0,61.36363636363637,High elderly - Near,True,False,False,False
RIVER VALLEY|ONE TREE HILL,RVSZ01,CENTRAL REGION,River Valley,One Tree Hill,2580,530,260,80,20.54263565891473,10.077519379844961,0.34074334164971704,True,High-Low,94.72970799525929,100.0,0.0,0.8615095386242809,Gleneagles Hospital,2.394410473339039,KK Women's and Children's Hospital,1.5329009347147577,0.0,0.0,High elderly - Near,False,False,False,False
QUEENSTOWN|COMMONWEALTH,QTSZ03,CENTRAL REGION,Queenstown,Commonwealth,6340,1960,980,340,30.914826498422713,15.457413249211356,0.31053400601085346,True,Not significant,144.1730304761852,100.0,0.0,2.0531078675967875,Alexandra Hospital,2.097641597336172,Alexandra Hospital,0.04453372973938441,22.857142857142858,96.0,Not significant,True,False,False,True
QUEENSTOWN|DOVER,QTSZ10,CENTRAL REGION,Queenstown,Dover,11210,2620,1420,430,23.37198929527208,12.667261373773417,1.380336249295336,True,Not significant,157.11290913357533,100.0,0.0,1.2570748595036623,National University Hospital,1.2570748595036623,National University Hospital,0.0,3.1588447653429603,22.111913357400724,Not significant,False,False,False,False
TANGLIN|RIDOUT,TNSZ03,CENTRAL REGION,Tanglin,Ridout,1580,350,170,40,22.151898734177216,10.759493670886076,1.9517604692698793,True,Not significant,264.5570110702379,79.33691178209799,72.3208087626571,1.3107652651450006,Gleneagles Hospital,2.107923030517253,Alexandra Hospital,0.7971577653722526,0.0,0.0,Not significant,False,False,True,False
NEWTON|CAIRNHILL,NTSZ04,CENTRAL REGION,Newton,Cairnhill,5030,750,330,90,14.910536779324056,6.560636182902584,0.4515376390154734,True,Low-Low,315.1032341935497,77.11276316778432,171.65427624161754,0.3856375803929154,Mount Elizabeth Hospital,1.1113339209510489,KK Women's and Children's Hospital,0.7256963405581335,0.0,0.0,Low elderly - Near,False,False,True,False
CLEMENTI|CLEMENTI WEST,CLSZ08,WEST REGION,Clementi,Clementi West,14510,3960,1800,450,27.291523087525846,12.405237767057201,0.6975017185604317,True,Not significant,100.92320974252786,100.0,0.0,2.3987153498532865,National University Hospital,2.3987153498532865,National University Hospital,0.0,0.0,46.06815203145479,Not significant,True,False,False,False
NEWTON|MONK'S HILL,NTSZ05,CENTRAL REGION,Newton,Monk's Hill,1350,180,100,30,13.333333333333334,7.407407407407407,0.1726548176982989,True,Low-Low,272.6425829993373,97.56871132195872,4.376319620474309,0.5683499477307312,Mount Elizabeth Hospital,0.7593687653803013,KK Women's and Children's Hospital,0.19101881764957007,0.0,0.0,Low elderly - Near,False,False,False,False
BEDOK|SIGLAP,BDSZ07,EAST REGION,Bedok,Siglap,7460,1920,1040,330,25.737265415549597,13.941018766756033,1.097833704655207,True,Not significant,118.88148628743053,100.0,0.0,2.1506081290808523,Parkway East Hospital,4.405910641095632,Changi General Hospital,2.25530251201478,0.0,0.0,Not significant,True,False,False,False
CLEMENTI|CLEMENTI WOODS,CLSZ07,WEST REGION,Clementi,Clementi Woods,19870,4080,1890,470,20.533467539003524,9.511826874685456,1.0579964306067045,True,Not significant,125.48095401991723,100.0,0.0,2.103909472558439,National University Hospital,2.103909472558439,National University Hospital,0.0,9.0625,26.1875,Not significant,False,False,False,True
NEWTON|ORANGE GROVE,NTSZ01,CENTRAL REGION,Newton,Orange Grove,2270,490,210,50,21.58590308370044,9.251101321585903,0.33622149410105295,True,Not significant,245.9638256864794,100.0,0.0,0.8235839383924052,Mount Elizabeth Hospital,1.9020477123866666,KK Women's and Children's Hospital,1.0784637739942613,0.0,0.0,High elderly - Near,False,False,False,False
KALLANG|KAMPONG BUGIS,KLSZ04,CENTRAL REGION,Kallang,Kampong Bugis,1770,330,120,30,18.64406779661017,6.779661016949152,0.7422030254753537,True,Low-High,135.38019955999712,100.0,0.0,1.8974841754376943,Raffles Hospital,2.763935937951008,KK Women's and Children's Hospital,0.8664517625133137,0.0,0.0,Not significant,False,False,False,False
QUEENSTOWN|KENT RIDGE,QTSZ12,CENTRAL REGION,Queenstown,Kent Ridge,2610,50,10,0,1.9157088122605364,0.3831417624521073,1.8268485606080225,True,Not significant,103.46353300386622,100.0,0.0,0.926937971925685,Alexandra Hospital,0.926937971925685,Alexandra Hospital,0.0,0.0,0.0,Low elderly - Near,False,False,False,False
BUKIT MERAH|ALEXANDRA NORTH,BMSZ06,CENTRAL REGION,Bukit Merah,Alexandra North,3170,260,90,20,8.201892744479496,2.8391167192429023,0.2936950421627094,True,Low-High,141.00113983246067,100.0,0.0,1.658168416785125,Gleneagles Hospital,2.018710364883627,Alexandra Hospital,0.36054194809850193,0.0,0.0,Not significant,False,False,False,False
QUEENSTOWN|TANGLIN HALT,QTSZ04,CENTRAL REGION,Queenstown,Tanglin Halt,6240,1260,700,240,20.192307692307693,11.217948717948717,0.5572757036455914,True,Not significant,121.32991856489558,100.0,0.0,1.4748677194143138,Alexandra Hospital,1.4748677194143138,Alexandra Hospital,0.0,10.953729933899906,62.889518413597735,Not significant,False,False,False,True
ROCHOR|SUNGEI ROAD,RCSZ03,CENTRAL REGION,Rochor,Sungei Road,1920,530,280,60,27.604166666666668,14.583333333333334,0.11632999656707682,True,High-High,176.45754598339678,100.0,0.0,0.5363579028828114,Raffles Hospital,1.3015916733340551,KK Women's and Children's Hospital,0.7652337704512437,33.170731707317074,80.0,High elderly - Near,True,False,False,True
QUEENSTOWN|ONE NORTH,QTSZ08,CENTRAL REGION,Queenstown,One North,1450,70,10,0,4.827586206896552,0.6896551724137931,2.0034482090789614,True,Not significant,146.8743436498992,100.0,0.0,1.1825839454649043,National University Hospital,1.1825839454649043,National University Hospital,0.0,0.0,0.0,Not significant,False,False,False,False
KALLANG|TANJONG RHU,KLSZ05,CENTRAL REGION,Kallang,Tanjong Rhu,11660,2070,870,230,17.753001715265867,7.461406518010292,2.434594027755221,True,Not significant,145.41549204681408,100.0,0.0,2.424095162917458,Raffles Hospital,3.8066879544607644,KK Women's and Children's Hospital,1.3825927915433063,4.41044104410441,20.97209720972097,Not significant,False,False,False,False
MARINE PARADE|KATONG,MPSZ02,CENTRAL REGION,Marine Parade,Katong,10500,1860,860,250,17.714285714285715,8.19047619047619,1.078992025298092,True,Not significant,134.06449877744404,100.0,0.0,1.3958746224943341,Parkway East Hospital,5.835380986866967,KK Women's and Children's Hospital,4.439506364372632,0.0,0.0,Not significant,False,False,False,False
ROCHOR|LITTLE INDIA,RCSZ02,CENTRAL REGION,Rochor,Little India,2940,920,470,170,31.292517006802722,15.986394557823129,0.27830354335855895,True,High-High,121.53778231080496,100.0,0.0,0.5748299754281796,Farrer Park Hospital,1.015287960628016,KK Women's and Children's Hospital,0.4404579851998365,0.0,37.920489296636084,High elderly - Near,True,False,False,False
ROCHOR|BENCOOLEN,RCSZ09,CENTRAL REGION,Rochor,Bencoolen,1290,330,160,60,25.58139534883721,12.4031007751938,0.17066430451965287,True,Not significant,90.20769243691488,100.0,0.0,0.7341400942173795,Raffles Hospital,0.942364733849421,KK Women's and Children's Hospital,0.20822463963204152,2.2900763358778624,64.12213740458016,High elderly - Near,True,False,False,False
TANGLIN|CHATSWORTH,TNSZ02,CENTRAL REGION,Tanglin,Chatsworth,8120,1210,540,130,14.901477832512315,6.650246305418719,1.3461641311608281,True,Not significant,145.89832929797575,99.08217465822983,11.105686635446588,1.3308683919076503,Mount Elizabeth Hospital,2.094449308747952,Singapore General Hospital,0.7635809168403018,0.0,0.0,Low elderly - Near,False,False,False,False
ROCHOR|MOUNT EMILY,RCSZ07,CENTRAL REGION,Rochor,Mount Emily,2270,180,60,10,7.929515418502203,2.643171806167401,0.1939923452808592,True,Low-High,203.00533960737155,100.0,0.0,0.8872700453251887,KK Women's and Children's Hospital,0.9313660717598877,KK Women's and Children's Hospital,0.04409602643469901,0.0,0.0,Low elderly - Near,False,False,False,False
QUEENSTOWN|MARGARET DRIVE,QTSZ05,CENTRAL REGION,Queenstown,Margaret Drive,24060,4860,2390,750,20.199501246882793,9.933499584372402,1.0265617396938014,True,High-High,129.1581797378466,100.0,0.0,1.2930130940090996,Alexandra Hospital,1.296242188008683,Alexandra Hospital,0.0032290939995833767,2.4860161591050343,10.689869484151647,Not significant,False,False,False,False
RIVER VALLEY|OXLEY,RVSZ04,CENTRAL REGION,River Valley,Oxley,1750,320,170,60,18.285714285714285,9.714285714285714,0.20078663852926398,True,Low-Low,147.5713987220722,100.0,0.0,1.074258627137324,Mount Elizabeth Hospital,1.71265302102553,KK Women's and Children's Hospital,0.638394393888206,0.0,0.0,Low elderly - Near,False,False,False,False
QUEENSTOWN|MEI CHIN,QTSZ06,CENTRAL REGION,Queenstown,Mei Chin,16340,3920,1750,570,23.990208078335375,10.709914320685435,0.748683995873875,True,Not significant,89.67996220951922,100.0,0.0,0.6938784923540331,Alexandra Hospital,0.6938784923540331,Alexandra Hospital,0.0,10.211946050096339,43.28837508028259,High elderly - Near,False,False,False,True
RIVER VALLEY|LEONIE HILL,RVSZ03,CENTRAL REGION,River Valley,Leonie Hill,4470,570,220,60,12.751677852348994,4.921700223713646,0.3684829882650739,True,Not significant,172.16494389484313,100.0,0.0,0.8476230986051949,Mount Elizabeth Hospital,1.9159169894600525,KK Women's and Children's Hospital,1.0682938908548576,0.0,0.0,Low elderly - Near,False,False,False,False
GEYLANG|MACPHERSON,GLSZ02,CENTRAL REGION,Geylang,Macpherson,29410,7160,3050,970,24.34546072764366,10.37062223733424,1.2634094039822075,True,Not significant,118.15758657067074,100.0,0.0,2.7781013929834866,Parkway East Hospital,4.526030709052781,Tan Tock Seng Hospital,1.7479293160692948,15.973201692524682,56.0296191819464,Not significant,True,False,False,True
TOA PAYOH|KIM KEAT,TPSZ07,CENTRAL REGION,Toa Payoh,Kim Keat,10430,2500,1020,280,23.969319271332694,9.77948226270374,0.369770553304307,True,High-High,128.777669260285,100.0,0.0,1.7621889036670257,Tan Tock Seng Hospital,1.7621889036670257,Tan Tock Seng Hospital,0.0,3.64321608040201,43.34170854271357,Not significant,False,False,False,False
BEDOK|BEDOK NORTH,BDSZ04,EAST REGION,Bedok,Bedok North,79570,21100,8900,1920,26.517531733065226,11.185120020108082,3.203663493282672,True,Not significant,127.31734643436386,100.0,0.0,2.022788736181627,Changi General Hospital,2.0988535770577506,Changi General Hospital,0.07606484087612353,5.449657869012707,43.145161290322584,Not significant,True,False,False,True
TOA PAYOH|TOA PAYOH CENTRAL,TPSZ02,CENTRAL REGION,Toa Payoh,Toa Payoh Central,27320,6110,2820,900,22.364568081991216,10.322108345534406,1.1072670358059507,True,High-High,111.2241495305451,100.0,0.0,1.0056781413372828,Thomson Medical Centre,1.419759943261779,Tan Tock Seng Hospital,0.41408180192449606,8.029978586723768,24.696645253390436,High elderly - Near,True,False,False,True
BUKIT TIMAH|HOLLAND ROAD,BTSZ03,CENTRAL REGION,Bukit Timah,Holland Road,11970,1930,860,250,16.12364243943191,7.184628237259816,3.387243077467228,True,Not significant,226.34921971602478,84.85775837983306,292.2452632692223,3.007498769206813,Crawfurd Hospital,3.9635169855401347,National University Hospital,0.9560182163333217,0.0,0.0,Not significant,False,False,False,False
GEYLANG|KAMPONG UBI,GLSZ03,CENTRAL REGION,Geylang,Kampong Ubi,13760,2850,920,150,20.712209302325583,6.686046511627907,1.8780014517355987,True,Not significant,121.76548404813896,100.0,0.0,1.5903666304256432,Parkway East Hospital,5.485480715759259,Changi General Hospital,3.8951140853336157,0.0,8.135593220338983,Not significant,False,False,False,False
TOA PAYOH|SENNETT,TPSZ11,CENTRAL REGION,Toa Payoh,Sennett,17450,2360,1010,260,13.524355300859598,5.787965616045845,0.8677504373434862,True,Not significant,116.66011635260345,100.0,0.0,3.151966024471194,Farrer Park Hospital,3.2196341902970302,Tan Tock Seng Hospital,0.06766816582583646,0.27816411682892905,3.8942976356050067,Not significant,False,True,False,False
TOA PAYOH|POTONG PASIR,TPSZ09,CENTRAL REGION,Toa Payoh,Potong Pasir,12820,3610,1720,490,28.1591263650546,13.41653666146646,0.6391435693072091,True,Not significant,107.2191908376273,100.0,0.0,2.6101827543807006,Tan Tock Seng Hospital,2.620097139650562,Tan Tock Seng Hospital,0.009914385269861548,0.0,40.358361774744026,Not significant,True,False,False,False
TOA PAYOH|PEI CHUN,TPSZ06,CENTRAL REGION,Toa Payoh,Pei Chun,9640,2740,1270,390,28.42323651452282,13.174273858921161,0.41140393713350093,True,High-High,91.84159491665507,100.0,0.0,2.1321393677355065,Tan Tock Seng Hospital,2.1771230993813524,Tan Tock Seng Hospital,0.044983731645845904,3.667953667953668,53.08880308880309,Not significant,True,False,False,False
TOA PAYOH|BOON TECK,TPSZ04,CENTRAL REGION,Toa Payoh,Boon Teck,14690,3990,2000,720,27.16133424098026,13.614703880190605,0.4186573583070534,True,High-High,100.35194415065845,100.0,0.0,1.6419677750862447,Mount Alvernia Hospital,1.7843922668998733,Tan Tock Seng Hospital,0.1424244918136286,29.740791268758528,57.02592087312415,Not significant,True,False,False,True
ROCHOR|FARRER PARK,RCSZ01,CENTRAL REGION,Rochor,Farrer Park,2470,640,290,100,25.910931174089068,11.740890688259109,0.21810726462645408,True,Not significant,75.29102874953294,100.0,0.0,0.5191630096466887,Farrer Park Hospital,0.6495114374854987,KK Women's and Children's Hospital,0.13034842783880995,0.0,10.526315789473685,High elderly - Near,True,False,False,False
ANG MO KIO|ANG MO KIO TOWN CENTRE,AMSZ01,NORTH-EAST REGION,Ang Mo Kio,Ang Mo Kio Town Centre,4830,990,470,130,20.496894409937887,9.730848861283643,0.3168820171913768,True,High-High,98.61311588588897,100.0,0.0,3.499424214615118,Mount Alvernia Hospital,4.355941963850483,Institute of Mental Health,0.8565177492353646,0.0,8.316008316008316,High elderly - Far,False,True,False,False
ANG MO KIO|KEBUN BAHRU,AMSZ06,NORTH-EAST REGION,Ang Mo Kio,Kebun Bahru,21440,5960,2770,710,27.79850746268657,12.919776119402986,1.0464170000493394,True,High-High,123.16099721826701,100.0,0.0,3.4179910824154502,Mount Alvernia Hospital,5.150869868704286,Institute of Mental Health,1.7328787862888362,7.029177718832892,52.298850574712645,High elderly - Far,True,True,False,True
QUEENSTOWN|GHIM MOH,QTSZ01,CENTRAL REGION,Queenstown,Ghim Moh,12910,3400,1880,570,26.336173508907823,14.562354763749031,0.48557240829291265,True,Not significant,127.51082355008008,100.0,0.0,1.79203934573732,National University Hospital,1.79203934573732,National University Hospital,0.0,14.8014440433213,50.3971119133574,Not significant,True,False,False,True
KALLANG|LAVENDER,KLSZ06,CENTRAL REGION,Kallang,Lavender,10220,2300,1000,260,22.504892367906066,9.784735812133073,0.7569259237439624,True,High-High,126.67608648055217,100.0,0.0,0.6278470515399577,Farrer Park Hospital,1.407804763967778,KK Women's and Children's Hospital,0.7799577124278203,24.355005159958722,36.119711042311664,High elderly - Near,False,False,False,True
BEDOK|FRANKEL,BDSZ05,EAST REGION,Bedok,Frankel,35300,6960,3270,970,19.71671388101983,9.263456090651559,4.297140713582985,True,Not significant,137.48716168248868,99.38917779614029,42.513225388635675,1.1983290573867054,Parkway East Hospital,4.752738219897946,Changi General Hospital,3.5544091625112406,0.0,0.0,Not significant,True,False,False,False
CLEMENTI|CLEMENTI NORTH,CLSZ04,WEST REGION,Clementi,Clementi North,30420,7510,3750,940,24.687705456936225,12.32741617357002,0.9910572611760023,True,Not significant,122.14957917384068,100.0,0.0,2.7054526119008293,Ng Teng Fong General Hospital,2.7054526119008293,Ng Teng Fong General Hospital,0.0,3.3321763276640057,42.97119055883374,Not significant,True,False,False,False
BUKIT TIMAH|LEEDON PARK,BTSZ07,CENTRAL REGION,Bukit Timah,Leedon Park,7650,1410,690,180,18.431372549019606,9.019607843137255,2.0385124635226144,True,Not significant,342.79132536482393,57.96694401015813,592.6660894567705,2.148774776240433,Crawfurd Hospital,2.8021792154689735,National University Hospital,0.6534044392285407,0.0,0.0,Not significant,False,False,True,False
GEYLANG|GEYLANG EAST,GLSZ05,CENTRAL REGION,Geylang,Geylang East,32910,7090,3150,810,21.543603767851717,9.571558796718323,2.578425365570124,True,Not significant,147.72409754395457,100.0,0.0,1.2044983439305637,Parkway East Hospital,5.616016685366475,Changi General Hospital,4.411518341435912,6.517379679144385,27.406417112299465,Not significant,True,False,False,True
JURONG EAST|TEBAN GARDENS,JESZ09,WEST REGION,Jurong East,Teban Gardens,16850,4290,1870,330,25.45994065281899,11.09792284866469,3.1875840751589917,True,Not significant,95.99319060737191,100.0,0.0,1.4710970059762414,Ng Teng Fong General Hospital,1.4710970059762414,Ng Teng Fong General Hospital,0.0,1.025364274150027,26.98327037236913,Not significant,True,False,False,False
KALLANG|GEYLANG BAHRU,KLSZ02,CENTRAL REGION,Kallang,Geylang Bahru,10150,2950,1280,390,29.064039408866996,12.610837438423646,0.7355022264343777,True,Not significant,107.02405008221862,100.0,0.0,2.027616420154181,Farrer Park Hospital,2.537402980793558,Tan Tock Seng Hospital,0.5097865606393772,9.574468085106384,69.76950354609929,Not significant,True,False,False,True
NEWTON|GOODWOOD PARK,NTSZ02,CENTRAL REGION,Newton,Goodwood Park,1620,230,120,40,14.197530864197532,7.407407407407407,0.35130522915199885,True,Not significant,194.24592040411633,100.0,0.0,1.0204966434713054,Mount Elizabeth Hospital,1.4303449480024166,KK Women's and Children's Hospital,0.4098483045311112,0.0,0.0,Low elderly - Near,False,False,False,False
CLEMENTI|CLEMENTI CENTRAL,CLSZ06,WEST REGION,Clementi,Clementi Central,14130,3590,1700,380,25.4069355980184,12.031139419674451,0.7491988977387191,True,Not significant,107.94526926818324,100.0,0.0,2.8315491433182394,National University Hospital,2.8315491433182394,National University Hospital,0.0,0.5714285714285714,32.57142857142857,Not significant,True,False,False,False
KALLANG|KAMPONG JAVA,KLSZ07,CENTRAL REGION,Kallang,Kampong Java,10880,2600,1250,310,23.897058823529413,11.488970588235293,1.052032274939157,True,Not significant,114.64671155673521,100.0,0.0,0.39924267449390144,Farrer Park Hospital,0.6526164799864006,KK Women's and Children's Hospital,0.25337380549249916,3.133903133903134,19.373219373219374,High elderly - Near,False,False,False,False
KALLANG|BOON KENG,KLSZ03,CENTRAL REGION,Kallang,Boon Keng,12020,3040,1390,410,25.291181364392678,11.56405990016639,0.41093900428772995,True,High-High,125.53703500108234,100.0,0.0,2.029335226779279,Farrer Park Hospital,2.8453228602834053,KK Women's and Children's Hospital,0.8159876335041263,8.057675996607294,29.770992366412212,Not significant,True,False,False,True
BUKIT TIMAH|ULU PANDAN,BTSZ04,CENTRAL REGION,Bukit Timah,Ulu Pandan,11360,2500,1150,300,22.007042253521128,10.123239436619718,1.2270608648340071,True,Not significant,132.28878358977815,100.0,0.0,2.6808498787376176,National University Hospital,2.6808498787376176,National University Hospital,0.0,0.0,0.0,Not significant,False,False,False,False
BUKIT TIMAH|FARRER COURT,BTSZ08,CENTRAL REGION,Bukit Timah,Farrer Court,7850,1080,560,160,13.757961783439491,7.13375796178344,0.5587605316042529,True,Not significant,179.86074556228547,100.0,0.0,1.6164385736106237,Crawfurd Hospital,3.19259705239048,Alexandra Hospital,1.5761584787798564,0.0,13.592233009708737,Not significant,False,False,False,False
TANGLIN|NASSIM,TNSZ01,CENTRAL REGION,Tanglin,Nassim,11330,1830,840,220,16.15180935569285,7.413945278022948,2.0960852302110156,True,Not significant,200.7641290515868,92.87166206584612,130.4485841950162,1.1300363635615476,Gleneagles Hospital,2.2151742861636667,Tan Tock Seng Hospital,1.0851379226021192,0.0,0.0,Low elderly - Near,False,False,False,False
CLEMENTI|WEST COAST,CLSZ05,WEST REGION,Clementi,West Coast,10300,1150,510,100,11.16504854368932,4.951456310679611,0.722588674430107,True,Not significant,208.03279350242508,100.0,0.0,2.1814573182498656,Ng Teng Fong General Hospital,2.1814573182498656,Ng Teng Fong General Hospital,0.0,0.0,0.0,Not significant,False,False,False,False
BEDOK|BAYSHORE,BDSZ08,EAST REGION,Bedok,Bayshore,8310,1280,560,130,15.403128760529482,6.738868832731649,2.550461672508922,True,Not significant,191.96870080364826,100.0,0.0,3.1325751338663412,Changi General Hospital,3.2354798173790122,Changi General Hospital,0.10290468351267101,0.0,0.0,Not significant,False,True,False,False
TANGLIN|TYERSALL,TNSZ04,CENTRAL REGION,Tanglin,Tyersall,4400,850,380,120,19.318181818181817,8.636363636363637,2.158289715777021,True,Not significant,179.65138161149687,99.54094534768771,3.901964544654342,1.4682550621161317,Gleneagles Hospital,3.0768556800501816,Alexandra Hospital,1.60860061793405,0.0,0.7731958762886598,Low elderly - Near,False,False,False,False
NOVENA|MOULMEIN,NVSZ02,CENTRAL REGION,Novena,Moulmein,12840,1390,610,170,10.825545171339565,4.750778816199377,1.3474560114576979,True,Not significant,149.4862415358586,98.8434390658227,16.076196985064517,0.6180132972602204,Mount Elizabeth Novena Hospital,0.6920709354074734,Tan Tock Seng Hospital,0.07405763814725308,0.0,0.0,Low elderly - Near,False,False,False,False
MARINE PARADE|MARINE PARADE,MPSZ03,CENTRAL REGION,Marine Parade,Marine Parade,27180,6560,3370,1120,24.135393671817514,12.398822663723326,1.160017478273735,True,Not significant,118.702407608456,100.0,0.0,1.543522302481151,Parkway East Hospital,5.903762661761833,Changi General Hospital,4.360240359280683,12.165178571428571,35.007440476190474,Not significant,True,False,False,True
BUKIT TIMAH|CORONATION ROAD,BTSZ06,CENTRAL REGION,Bukit Timah,Coronation Road,7560,1280,660,210,16.93121693121693,8.73015873015873,1.4250831768062002,True,Not significant,263.4254350412683,78.40159976359624,276.4595230259682,1.041096905430144,Crawfurd Hospital,4.046245303504739,National University Hospital,3.0051483980745957,0.0,0.0,Not significant,False,False,True,False
BEDOK|KEMBANGAN,BDSZ03,EAST REGION,Bedok,Kembangan,35110,9670,4050,1020,27.542010823127313,11.535175163771006,2.3872775316347186,True,Not significant,145.27168256503987,100.0,0.0,1.3438525327252757,Parkway East Hospital,4.203493664590285,Changi General Hospital,2.8596411318650095,8.489054991991457,27.70955686065136,Not significant,True,False,False,True
NOVENA|DUNEARN,NVSZ04,CENTRAL REGION,Novena,Dunearn,4170,900,450,150,21.58273381294964,10.79136690647482,1.2298944167226544,True,Not significant,259.5426553111367,78.27064614020388,195.56418473816495,0.96367953049381,Crawfurd Hospital,2.8351333715294706,Tan Tock Seng Hospital,1.8714538410356605,0.0,0.0,High elderly - Near,False,False,True,False
CLEMENTI|SUNSET WAY,CLSZ02,WEST REGION,Clementi,Sunset Way,6770,1640,800,200,24.224519940915805,11.816838995568686,0.9639246053119139,True,Not significant,351.43172167774406,53.84851728139638,756.8843165850996,2.690648176242219,Ng Teng Fong General Hospital,2.690648176242219,Ng Teng Fong General Hospital,0.0,0.0,3.7168141592920354,Not significant,False,False,True,False
BUKIT TIMAH|ANAK BUKIT,BTSZ01,CENTRAL REGION,Bukit Timah,Anak Bukit,24390,5140,2200,600,21.07421074210742,9.02009020090201,2.7732967109366706,True,Not significant,136.0913010773629,100.0,0.0,2.939111894979305,Ng Teng Fong General Hospital,2.939111894979305,Ng Teng Fong General Hospital,0.0,0.8687700045724737,1.0973936899862826,Not significant,False,False,False,False
BUKIT TIMAH|SWISS CLUB,BTSZ02,CENTRAL REGION,Bukit Timah,Swiss Club,6240,1080,510,170,17.307692307692307,8.173076923076923,3.4685061941459785,True,Not significant,337.56752311150734,73.39224963115065,287.3637039835731,3.3796822372378292,Crawfurd Hospital,4.43472024265839,Ng Teng Fong General Hospital,1.0550380054205606,0.0,0.0,Not significant,False,True,True,False
TAMPINES|XILIN,TMSZ05,EAST REGION,Tampines,Xilin,1740,390,70,10,22.413793103448278,4.022988505747127,7.655818727665105,True,Not significant,130.69563742089292,100.0,0.0,1.6067113810734492,Changi General Hospital,1.6067113810734492,Changi General Hospital,0.0,0.0,0.0,Not significant,False,False,False,False
CLEMENTI|FABER,CLSZ03,WEST REGION,Clementi,Faber,8640,770,360,100,8.912037037037036,4.166666666666667,0.9481589222606172,True,Not significant,166.0381236643484,100.0,0.0,2.2136924368440827,Ng Teng Fong General Hospital,2.2136924368440827,Ng Teng Fong General Hospital,0.0,0.0,0.0,Not significant,False,False,False,False
NOVENA|MALCOLM,NVSZ03,CENTRAL REGION,Novena,Malcolm,3510,630,300,80,17.94871794871795,8.547008547008547,1.3191123158042943,True,Not significant,234.7234088971001,90.43286140886026,60.272973124180396,0.7266945924201864,Thomson Medical Centre,1.2350277822755187,Tan Tock Seng Hospital,0.5083331898553323,0.0,0.0,Low elderly - Near,False,False,False,False
BEDOK|BEDOK SOUTH,BDSZ06,EAST REGION,Bedok,Bedok South,47810,12510,5780,1570,26.16607404308722,12.089521020706965,2.9973074591387605,True,Not significant,154.88429655338814,99.38504704832182,76.93061425494065,2.306361147149755,Changi General Hospital,2.308498711685907,Changi General Hospital,0.0021375645361518814,3.234097237095738,20.19704433497537,Not significant,True,False,False,False
BUKIT BATOK|HONG KAH NORTH,BKSZ02,WEST REGION,Bukit Batok,Hong Kah North,24430,5910,1850,360,24.19156774457634,7.57265656979124,0.8591791800883065,True,High-Low,108.94090873790216,100.0,0.0,3.1320198739652314,Ng Teng Fong General Hospital,3.1320198739652314,Ng Teng Fong General Hospital,0.0,2.9445506692160612,31.625239005736137,High elderly - Far,True,True,False,False
HOUGANG|KOVAN,HGSZ06,NORTH-EAST REGION,Hougang,Kovan,27520,5420,2160,580,19.694767441860463,7.848837209302325,1.948613205469927,True,Low-High,201.36057254536743,90.56279382092272,511.4965749059877,2.220105404146592,Institute of Mental Health,2.220105404146592,Institute of Mental Health,0.0,0.0,2.781136638452237,Not significant,False,False,False,False
ANG MO KIO|CHONG BOON,AMSZ03,NORTH-EAST REGION,Ang Mo Kio,Chong Boon,24420,7550,3590,960,30.917280917280916,14.7010647010647,1.0786223240856014,True,High-High,139.78419615587168,100.0,0.0,3.1986489327665244,Mount Alvernia Hospital,3.721722334423422,Institute of Mental Health,0.5230734016568976,5.547169811320755,51.509433962264154,Not significant,True,True,False,True
SERANGOON|SERANGOON GARDEN,SGSZ04,NORTH-EAST REGION,Serangoon,Serangoon Garden,37200,9960,4310,1200,26.774193548387096,11.586021505376344,3.023148981396129,True,High-High,129.9019116191057,100.0,0.0,2.526793712584622,Institute of Mental Health,2.589504902565168,Institute of Mental Health,0.06271118998054614,3.2982261640798227,15.881374722838137,Not significant,True,False,False,False
HOUGANG|HOUGANG CENTRAL,HGSZ01,NORTH-EAST REGION,Hougang,Hougang Central,4690,1110,400,120,23.66737739872068,8.528784648187633,0.4417334401702183,True,Not significant,83.63604503339981,100.0,0.0,1.5826149903941142,Institute of Mental Health,1.5826149903941142,Institute of Mental Health,0.0,0.0,1.9067796610169492,Not significant,False,False,False,False
PASIR RIS|LOYANG EAST,PRSZ07,EAST REGION,Pasir Ris,Loyang East,2110,540,190,30,25.592417061611375,9.004739336492891,0.9721281733904511,True,High-Low,144.3394764917937,100.0,0.0,3.795145734157215,Changi General Hospital,3.795145734157215,Changi General Hospital,0.0,0.0,0.0,High elderly - Far,True,True,False,False
BUKIT PANJANG|DAIRY FARM,BPSZ06,WEST REGION,Bukit Panjang,Dairy Farm,8310,1090,370,90,13.116726835138387,4.452466907340553,1.2359017516527329,True,Not significant,150.63068341829958,100.0,0.0,4.895081063063402,Ng Teng Fong General Hospital,4.895081063063402,Ng Teng Fong General Hospital,0.0,0.0,0.0,Low elderly - Far,False,True,False,False
PASIR RIS|PASIR RIS DRIVE,PRSZ05,EAST REGION,Pasir Ris,Pasir Ris Drive,49910,10130,3200,700,20.296533760769385,6.4115407733921055,1.6398366411297844,True,Not significant,108.500752266487,100.0,0.0,3.403832931720975,Changi General Hospital,3.403832931720975,Changi General Hospital,0.0,1.4516721793458287,1.4516721793458287,High elderly - Far,True,True,False,False
TAMPINES|TAMPINES NORTH,TMSZ01,EAST REGION,Tampines,Tampines North,38870,2890,1130,320,7.435039876511448,2.9071263184975558,2.5431066343072644,True,Not significant,108.39397018010278,100.0,0.0,2.9969523796499025,Changi General Hospital,2.9969523796499025,Changi General Hospital,0.0,4.850746268656716,23.134328358208954,Low elderly - Far,False,False,False,False
ANG MO KIO|CHENG SAN,AMSZ02,NORTH-EAST REGION,Ang Mo Kio,Cheng San,26150,7130,3190,730,27.265774378585085,12.19885277246654,0.9557101887144217,True,High-High,103.31238269508773,100.0,0.0,3.4827568902244717,Institute of Mental Health,3.5866879581097937,Institute of Mental Health,0.10393106788532203,3.4556465977912363,50.80156750979694,High elderly - Far,True,True,False,False
ANG MO KIO|SEMBAWANG HILLS,AMSZ07,NORTH-EAST REGION,Ang Mo Kio,Sembawang Hills,6940,1570,770,220,22.622478386167145,11.095100864553315,0.8945160174991668,True,Not significant,155.05683589537787,100.0,0.0,3.7422227607964684,Mount Alvernia Hospital,5.34607567868153,Khoo Teck Puat Hospital,1.603852917885062,0.0,0.0,High elderly - Far,False,True,False,False
BUKIT PANJANG|JELEBU,BPSZ05,WEST REGION,Bukit Panjang,Jelebu,29130,6500,2200,450,22.313765877102643,7.552351527634741,0.9112082850587078,True,Not significant,126.00417617762045,100.0,0.0,5.308214305460319,Ng Teng Fong General Hospital,5.308214305460319,Ng Teng Fong General Hospital,0.0,0.0,12.168636218460556,High elderly - Far,True,True,False,False
CHOA CHU KANG|KEAT HONG,CKSZ02,WEST REGION,Choa Chu Kang,Keat Hong,38770,4130,1240,260,10.65256641733299,3.1983492391023987,1.143813674591899,True,Not significant,95.1950517661222,100.0,0.0,4.783809968830702,Ng Teng Fong General Hospital,4.783809968830702,Ng Teng Fong General Hospital,0.0,3.2739654269250917,8.17181770560503,Low elderly - Far,False,True,False,False
KALLANG|BENDEMEER,KLSZ01,CENTRAL REGION,Kallang,Bendemeer,38710,9300,4230,1200,24.024799793335056,10.927408938258848,1.3768300452849833,True,High-High,131.09037540351585,100.0,0.0,1.357602082455696,Farrer Park Hospital,1.7310068650025385,Tan Tock Seng Hospital,0.3734047825468425,5.030609528879425,29.27867979771094,Not significant,True,False,False,False
NOVENA|BALESTIER,NVSZ01,CENTRAL REGION,Novena,Balestier,32940,7210,3360,1050,21.888281724347298,10.200364298724955,1.9266220021758604,True,Not significant,118.6670457151329,100.0,0.0,0.8714194925966042,Tan Tock Seng Hospital,0.9455699111400949,Tan Tock Seng Hospital,0.07415041854349069,5.026210299105767,28.64631514030219,High elderly - Near,True,False,False,False
SERANGOON|SERANGOON CENTRAL,SGSZ06,NORTH-EAST REGION,Serangoon,Serangoon Central,21940,6420,2530,610,29.2616226071103,11.531449407474932,1.0618893527775584,True,Not significant,101.15935832981154,100.0,0.0,3.4133563995533085,Mount Alvernia Hospital,3.659199413132083,Institute of Mental Health,0.24584301357877436,0.0,15.508885298869144,Not significant,True,True,False,False
BISHAN|BISHAN EAST,BSSZ03,CENTRAL REGION,Bishan,Bishan East,28650,7340,3010,780,25.619546247818498,10.506108202443281,1.794461262102881,True,High-High,114.4240038661809,100.0,0.0,1.6839780292650257,Mount Alvernia Hospital,3.0478043209897137,Tan Tock Seng Hospital,1.363826291724688,0.9184033910279054,7.523843164959378,Not significant,True,False,False,False
TAMPINES|TAMPINES WEST,TMSZ03,EAST REGION,Tampines,Tampines West,93210,17140,5530,1120,18.388584915781568,5.932839824053213,3.4752527798797597,True,Not significant,106.36289600599652,100.0,0.0,2.027299379481675,Changi General Hospital,2.027299379481675,Changi General Hospital,0.0,2.8367013932471443,14.836199322204092,Not significant,True,False,False,False
BUKIT BATOK|BRICKWORKS,BKSZ03,WEST REGION,Bukit Batok,Brickworks,31930,3020,1100,260,9.458189790165989,3.445036016285625,1.2316567499854543,True,Not significant,85.62650330098194,100.0,0.0,2.5866930501463354,Ng Teng Fong General Hospital,2.5866930501463354,Ng Teng Fong General Hospital,0.0,19.87891019172553,32.39152371342079,Not significant,False,False,False,True
SERANGOON|SERANGOON NORTH,SGSZ03,NORTH-EAST REGION,Serangoon,Serangoon North,14850,3250,1040,220,21.885521885521886,7.0033670033670035,0.6847043005068818,True,Not significant,94.87111123583827,100.0,0.0,1.6210447825184517,Institute of Mental Health,1.6210447825184517,Institute of Mental Health,0.0,0.0,0.0,Not significant,False,False,False,False
BUKIT BATOK|GUILIN,BKSZ04,WEST REGION,Bukit Batok,Guilin,12690,2530,930,230,19.936958234830577,7.328605200945627,1.085080083183727,True,Not significant,93.4629985619964,100.0,0.0,2.4903119977076433,Ng Teng Fong General Hospital,2.4903119977076433,Ng Teng Fong General Hospital,0.0,0.0,25.11591962905719,Not significant,False,False,False,False
JURONG WEST|WENYA,JWSZ01,WEST REGION,Jurong West,Wenya,8100,1160,510,160,14.320987654320987,6.296296296296297,1.974943246129696,True,Low-Low,105.15211572034248,100.0,0.0,5.074498925215997,Ng Teng Fong General Hospital,5.074498925215997,Ng Teng Fong General Hospital,0.0,0.0,0.0,Low elderly - Far,False,True,False,False
BUKIT PANJANG|NATURE RESERVE,BPSZ07,WEST REGION,Bukit Panjang,Nature Reserve,4040,750,290,70,18.564356435643564,7.178217821782178,4.141322430953728,True,Not significant,176.6064698724676,98.79871354668943,9.00964839982926,3.5069829693352172,Ng Teng Fong General Hospital,3.5135959856772097,Ng Teng Fong General Hospital,0.006613016341992406,0.0,0.0,Low elderly - Far,False,True,False,False
TAMPINES|TAMPINES EAST,TMSZ02,EAST REGION,Tampines,Tampines East,124840,28540,9530,2140,22.86126241589234,7.6337712271707785,4.343753039320825,True,Not significant,111.23715971501237,100.0,0.0,1.7399179318021454,Changi General Hospital,1.7399179318021454,Changi General Hospital,0.0,3.35165674148725,21.018476103221865,Not significant,True,False,False,False
HOUGANG|LORONG AH SOO,HGSZ07,NORTH-EAST REGION,Hougang,Lorong Ah Soo,31020,7960,3330,820,25.6608639587363,10.735009671179885,1.5155338913066108,True,Not significant,105.9719598301537,100.0,0.0,2.850871899093385,Institute of Mental Health,2.850871899093385,Institute of Mental Health,0.0,0.0,23.824257425742573,Not significant,True,False,False,False
PASIR RIS|FLORA DRIVE,PRSZ08,EAST REGION,Pasir Ris,Flora Drive,16450,2740,1010,270,16.656534954407295,6.139817629179332,0.9449984488742819,True,Not significant,117.63147107487232,100.0,0.0,2.758399625335912,Changi General Hospital,2.758399625335912,Changi General Hospital,0.0,0.0,0.0,Not significant,False,False,False,False
BUKIT BATOK|HILLVIEW,BKSZ05,WEST REGION,Bukit Batok,Hillview,20650,3770,1300,280,18.256658595641646,6.295399515738499,1.993633617149845,True,Not significant,134.0645102774154,98.44431354461821,58.649379367893076,3.461730508720606,Ng Teng Fong General Hospital,3.461730508720606,Ng Teng Fong General Hospital,0.0,0.0,0.0,Not significant,False,True,False,False
BUKIT TIMAH|HILLCREST,BTSZ05,CENTRAL REGION,Bukit Timah,Hillcrest,9930,1760,880,320,17.724068479355488,8.862034239677744,2.636483258745925,True,Not significant,290.6294359292607,81.38928137369088,327.5486478230406,0.4768552209453428,Crawfurd Hospital,4.134657828209339,Tan Tock Seng Hospital,3.657802607263996,0.0,0.0,Not significant,False,False,False,False
TOA PAYOH|JOO SENG,TPSZ12,CENTRAL REGION,Toa Payoh,Joo Seng,7940,1700,780,220,21.410579345088163,9.82367758186398,1.0571652442190196,True,Not significant,190.5636863261366,100.0,0.0,3.8687965879054707,Parkway East Hospital,4.150713465184848,Tan Tock Seng Hospital,0.281916877279377,0.0,12.883435582822086,High elderly - Far,False,True,False,False
TOA PAYOH|LORONG 8 TOA PAYOH,TPSZ05,CENTRAL REGION,Toa Payoh,Lorong 8 Toa Payoh,6600,2150,1050,330,32.57575757575758,15.909090909090908,0.43964676156428684,True,Not significant,108.01407725941908,100.0,0.0,1.8693933198800285,Mount Alvernia Hospital,2.3775719159876165,Tan Tock Seng Hospital,0.508178596107588,5.307262569832402,33.93854748603352,Not significant,True,False,False,False
JURONG EAST|TOH GUAN,JESZ03,WEST REGION,Jurong East,Toh Guan,13810,3250,960,190,23.533671252715422,6.951484431571325,0.7468822741417946,True,Not significant,136.7790811970706,100.0,0.0,0.7028886514593344,Ng Teng Fong General Hospital,0.7028886514593344,Ng Teng Fong General Hospital,0.0,0.0,3.906785469499657,Not significant,False,False,False,False
TAMPINES|SIMEI,TMSZ04,EAST REGION,Tampines,Simei,37690,8300,2990,720,22.02175643406739,7.933138763597771,2.7774966467303703,True,Not significant,113.2615359010472,100.0,0.0,0.8461580077082783,Changi General Hospital,0.8461580077082783,Changi General Hospital,0.0,0.0,0.4309252217997465,Not significant,True,False,False,False
JURONG WEST|BOON LAY PLACE,JWSZ02,WEST REGION,Jurong West,Boon Lay Place,29420,5030,1850,400,17.097212780421483,6.288239292997961,0.9063173906921506,True,Not significant,105.8072574895238,100.0,0.0,4.067179165884333,Ng Teng Fong General Hospital,4.067179165884333,Ng Teng Fong General Hospital,0.0,12.406271301976824,55.86230402181322,Low elderly - Far,False,True,False,True
BUKIT BATOK|BUKIT BATOK EAST,BKSZ08,WEST REGION,Bukit Batok,Bukit Batok East,11640,3230,1100,230,27.74914089347079,9.450171821305842,0.38020180276484905,True,Not significant,100.44263152415783,100.0,0.0,2.21411848606167,Ng Teng Fong General Hospital,2.21411848606167,Ng Teng Fong General Hospital,0.0,0.0,44.52324665090622,Not significant,True,False,False,False
BUKIT BATOK|BUKIT BATOK WEST,BKSZ06,WEST REGION,Bukit Batok,Bukit Batok West,14030,3280,1090,220,23.378474697077692,7.769066286528867,0.5274716660690668,True,Not significant,99.8025861698627,100.0,0.0,1.5972382942417311,Ng Teng Fong General Hospital,1.5972382942417311,Ng Teng Fong General Hospital,0.0,0.0,34.4,Not significant,False,False,False,False
BUKIT BATOK|BUKIT BATOK CENTRAL,BKSZ07,WEST REGION,Bukit Batok,Bukit Batok Central,26750,5940,2170,500,22.205607476635514,8.11214953271028,0.8002985644860131,True,Not significant,98.77156934323746,100.0,0.0,1.753405064233086,Ng Teng Fong General Hospital,1.753405064233086,Ng Teng Fong General Hospital,0.0,4.910223525100769,19.054598754122388,Not significant,True,False,False,False
SERANGOON|UPPER PAYA LEBAR,SGSZ07,NORTH-EAST REGION,Serangoon,Upper Paya Lebar,18420,3960,1570,370,21.498371335504885,8.523344191096633,0.8985550764140177,True,Not significant,103.24286701740277,100.0,0.0,3.902380987335297,Institute of Mental Health,3.944097460274685,Institute of Mental Health,0.04171647293938818,1.950354609929078,10.638297872340425,High elderly - Far,False,True,False,False
HOUGANG|TAI SENG,HGSZ08,NORTH-EAST REGION,Hougang,Tai Seng,15170,3650,1480,430,24.060646011865526,9.75609756097561,1.7961557533188959,True,Not significant,149.65208574414382,100.0,0.0,3.6247273427896913,Institute of Mental Health,3.6247273427896913,Institute of Mental Health,0.0,9.689081706435285,13.66594360086768,High elderly - Far,False,True,False,True
JURONG EAST|YUHUA WEST,JESZ01,WEST REGION,Jurong East,Yuhua West,17870,4580,1780,360,25.629546726357024,9.96082820369334,0.776142491578606,True,Not significant,114.835348984797,100.0,0.0,2.0903664479018165,Ng Teng Fong General Hospital,2.0903664479018165,Ng Teng Fong General Hospital,0.0,8.924843423799583,29.227557411273487,Not significant,True,False,False,True
TOA PAYOH|BRADDELL,TPSZ03,CENTRAL REGION,Toa Payoh,Braddell,9520,2430,1130,360,25.525210084033613,11.869747899159664,0.44624179188103963,True,High-High,97.44155443504381,100.0,0.0,1.2388803229843106,Mount Alvernia Hospital,2.0663523463218625,Tan Tock Seng Hospital,0.8274720233375519,13.965341488277268,41.59021406727829,Not significant,True,False,False,True
TOA PAYOH|BIDADARI,TPSZ10,CENTRAL REGION,Toa Payoh,Bidadari,13580,990,290,70,7.2901325478645065,2.1354933726067746,0.5725021397874263,True,Not significant,102.44861244982214,100.0,0.0,3.856057258692957,Tan Tock Seng Hospital,3.8573249089972275,Tan Tock Seng Hospital,0.0012676503042703402,,,Low elderly - Far,False,True,False,False
TOA PAYOH|WOODLEIGH,TPSZ08,CENTRAL REGION,Toa Payoh,Woodleigh,3550,520,180,30,14.647887323943662,5.070422535211268,0.8133829813809216,True,Not significant,108.83283032259652,100.0,0.0,3.030183157169561,Tan Tock Seng Hospital,3.0586228859916247,Tan Tock Seng Hospital,0.028439728822063692,0.0,0.0,Not significant,False,False,False,False
JURONG WEST|TAMAN JURONG,JWSZ04,WEST REGION,Jurong West,Taman Jurong,38140,6400,2210,470,16.780283167278448,5.794441531200839,1.4842964731636599,True,Not significant,108.48226078359363,100.0,0.0,2.7507974963995365,Ng Teng Fong General Hospital,2.7507974963995365,Ng Teng Fong General Hospital,0.0,5.485971943887775,18.13627254509018,Not significant,True,False,False,True
TOA PAYOH|TOA PAYOH WEST,TPSZ01,CENTRAL REGION,Toa Payoh,Toa Payoh West,15970,4090,1990,620,25.610519724483407,12.460864120225423,1.0372810944712227,True,High-High,98.77809286807381,100.0,0.0,0.653555700119497,Mount Alvernia Hospital,2.131135498431595,Tan Tock Seng Hospital,1.4775797983120982,3.83008356545961,54.317548746518106,Not significant,True,False,False,False
BEDOK|KAKI BUKIT,BDSZ01,EAST REGION,Bedok,Kaki Bukit,34300,8800,3100,600,25.65597667638484,9.037900874635568,2.8209508635448626,True,Not significant,143.3679883969758,100.0,0.0,1.8830805830029302,Parkway East Hospital,4.456424349105464,Changi General Hospital,2.573343766102534,1.2920592193808882,17.173620457604308,Not significant,True,False,False,False
JURONG EAST|YUHUA EAST,JESZ02,WEST REGION,Jurong East,Yuhua East,22690,6500,2680,610,28.646981048920228,11.811370647862494,0.9247625030107406,True,Not significant,118.35380569848023,100.0,0.0,1.1163569960731496,Ng Teng Fong General Hospital,1.1163569960731496,Ng Teng Fong General Hospital,0.0,1.2111425111021397,34.477190149374245,Not significant,True,False,False,False
BUKIT BATOK|BUKIT BATOK SOUTH,BKSZ09,WEST REGION,Bukit Batok,Bukit Batok South,14050,2610,700,170,18.576512455516013,4.98220640569395,1.8063808803600103,True,Not significant,117.06184709835205,100.0,0.0,1.7711284944497232,Ng Teng Fong General Hospital,1.7711284944497232,Ng Teng Fong General Hospital,0.0,0.0,2.679169457468185,Not significant,False,False,False,False
JURONG WEST|JURONG WEST CENTRAL,JWSZ09,WEST REGION,Jurong West,Jurong West Central,60120,9510,2870,480,15.818363273453095,4.773785761809714,1.4045366428773658,True,Not significant,107.29095160028436,100.0,0.0,4.953898697489777,Ng Teng Fong General Hospital,4.953898697489777,Ng Teng Fong General Hospital,0.0,0.07841907151819323,1.066499372647428,Low elderly - Far,True,True,False,False
BEDOK|BEDOK RESERVOIR,BDSZ02,EAST REGION,Bedok,Bedok Reservoir,24570,4840,1770,370,19.698819698819698,7.203907203907204,2.3793315289027483,True,Not significant,152.9899346883751,100.0,0.0,2.190997006215363,Changi General Hospital,2.3251243132744035,Changi General Hospital,0.1341273070590403,0.0,11.150372987828819,Not significant,False,False,False,False
YISHUN|LOWER SELETAR,YSSZ05,NORTH REGION,Yishun,Lower Seletar,18900,1350,460,90,7.142857142857143,2.433862433862434,8.451158081320562,True,Not significant,118.50603295622989,100.0,0.0,1.096157321258584,Khoo Teck Puat Hospital,1.096157321258584,Khoo Teck Puat Hospital,0.0,7.020364415862808,17.309753483386924,Low elderly - Near,False,False,False,True
PUNGGOL|NORTHSHORE,PGSZ01,NORTH-EAST REGION,Punggol,Northshore,26160,2970,1000,190,11.353211009174313,3.8226299694189603,1.373407533863785,True,Low-Low,112.56855187941659,100.0,0.0,2.9577596728398348,Sengkang General Hospital,2.9577596728398348,Sengkang General Hospital,0.0,10.869565217391305,13.043478260869565,Not significant,False,False,False,True
MANDAI|MANDAI ESTATE,MDSZ03,NORTH REGION,Mandai,Mandai Estate,2070,350,140,30,16.908212560386474,6.763285024154589,0.1431379410556271,True,Not significant,102.8373039102614,100.0,0.0,1.508049388210782,Khoo Teck Puat Hospital,1.508049388210782,Khoo Teck Puat Hospital,0.0,0.0,0.0,Low elderly - Near,False,False,False,False
YISHUN|YISHUN CENTRAL,YSSZ01,NORTH REGION,Yishun,Yishun Central,2860,480,140,20,16.783216783216783,4.895104895104895,0.4363685338327207,True,Not significant,65.98133421148765,100.0,0.0,0.3756632695534517,Khoo Teck Puat Hospital,0.3756632695534517,Khoo Teck Puat Hospital,0.0,0.0,0.0,Low elderly - Near,False,False,False,False
PASIR RIS|PASIR RIS CENTRAL,PRSZ03,EAST REGION,Pasir Ris,Pasir Ris Central,34060,5230,1610,370,15.35525543159131,4.726952436876101,1.5114873840957526,True,Low-Low,128.1418897967924,100.0,0.0,3.533650664661261,Changi General Hospital,3.533650664661261,Changi General Hospital,0.0,1.9540942928039702,4.714640198511166,Low elderly - Far,False,True,False,False
BUKIT BATOK|GOMBAK,BKSZ01,WEST REGION,Bukit Batok,Gombak,9900,1920,830,200,19.393939393939394,8.383838383838384,2.4562530457407843,True,Not significant,203.90063215130525,100.0,0.0,3.7107325786383187,Ng Teng Fong General Hospital,3.7107325786383187,Ng Teng Fong General Hospital,0.0,0.0,0.0,Low elderly - Far,False,True,False,False
HOUGANG|HOUGANG EAST,HGSZ03,NORTH-EAST REGION,Hougang,Hougang East,23310,4800,1600,310,20.592020592020592,6.864006864006864,0.8426676261345513,True,Not significant,104.18386508313564,100.0,0.0,1.536452799335039,Institute of Mental Health,1.536452799335039,Institute of Mental Health,0.0,0.0,6.380417335473515,High elderly - Near,False,False,False,False
HOUGANG|KANGKAR,HGSZ02,NORTH-EAST REGION,Hougang,Kangkar,34800,6320,2430,600,18.160919540229884,6.982758620689655,1.0074100022606667,True,Not significant,119.46018365296024,100.0,0.0,2.1108184071902283,Institute of Mental Health,2.1108184071902283,Institute of Mental Health,0.0,3.809228863425209,22.08113967172499,Not significant,True,False,False,False
CHANGI|CHANGI WEST,CHSZ02,EAST REGION,Changi,Changi West,1440,90,30,10,6.25,2.0833333333333335,4.803931354178631,True,Not significant,232.79876471621748,87.29165128650031,11.437513842149716,3.8596322193314867,Changi General Hospital,3.8596322193314867,Changi General Hospital,0.0,,,Low elderly - Far,False,True,False,False
QUEENSTOWN|HOLLAND DRIVE,QTSZ02,CENTRAL REGION,Queenstown,Holland Drive,11900,3690,2070,710,31.008403361344538,17.394957983193276,0.4706747520692037,True,Not significant,107.37797500184394,100.0,0.0,2.0624887959629112,National University Hospital,2.0624887959629112,National University Hospital,0.0,4.17981072555205,48.42271293375394,Not significant,True,False,False,False
HOUGANG|HOUGANG WEST,HGSZ04,NORTH-EAST REGION,Hougang,Hougang West,42120,11120,3810,830,26.400759734093068,9.045584045584045,1.3288761976774326,True,Not significant,101.70477436550044,100.0,0.0,1.0419116472964207,Institute of Mental Health,1.0419116472964207,Institute of Mental Health,0.0,0.0,17.179938407391113,Not significant,True,False,False,False
BUKIT PANJANG|BANGKIT,BPSZ04,WEST REGION,Bukit Panjang,Bangkit,20480,5140,1790,430,25.09765625,8.740234375,0.763183429455748,True,Not significant,117.20868041608946,100.0,0.0,5.511561089006496,Woodlands Hospital,5.511561089006496,Woodlands Hospital,0.0,0.0,12.61787157611136,High elderly - Far,True,True,False,False
CHOA CHU KANG|PENG SIANG,CKSZ04,WEST REGION,Choa Chu Kang,Peng Siang,32750,5700,1830,360,17.404580152671755,5.587786259541985,0.8627370886721594,True,Not significant,99.65150148501507,100.0,0.0,5.1322004686336395,Ng Teng Fong General Hospital,5.1322004686336395,Ng Teng Fong General Hospital,0.0,1.1808755760368663,3.0817972350230414,Low elderly - Far,True,True,False,False
PASIR RIS|PASIR RIS WEST,PRSZ02,EAST REGION,Pasir Ris,Pasir Ris West,34270,5310,1680,430,15.49460169244237,4.902246863145608,1.5834401644458196,True,Low-Low,99.9851691385065,100.0,0.0,4.3557287613363425,Changi General Hospital,4.3557287613363425,Changi General Hospital,0.0,0.0,0.0,Not significant,False,True,False,False
ANG MO KIO|YIO CHU KANG WEST,AMSZ09,NORTH-EAST REGION,Ang Mo Kio,Yio Chu Kang West,24170,6030,2450,510,24.948282995448903,10.136532892014895,0.8461371973205872,True,Not significant,106.87213583685318,100.0,0.0,4.197136371032222,Mount Alvernia Hospital,4.673360611592589,Khoo Teck Puat Hospital,0.4762242405603665,11.014492753623188,41.15942028985507,High elderly - Far,True,True,False,True
SENGKANG|SENGKANG TOWN CENTRE,SESZ03,NORTH-EAST REGION,Sengkang,Sengkang Town Centre,59170,9430,3060,690,15.937130302518169,5.171539631570052,1.4605344410064365,True,Low-Low,109.28798837798311,100.0,0.0,0.7789884431544356,Sengkang General Hospital,0.7789884431544356,Sengkang General Hospital,0.0,0.695905486324648,3.172034309758861,Low elderly - Near,True,False,False,False
SENGKANG|ANCHORVALE,SESZ04,NORTH-EAST REGION,Sengkang,Anchorvale,52120,6210,2130,450,11.914811972371451,4.08672294704528,1.4966812866426065,True,Not significant,101.27434451916238,100.0,0.0,0.622523114952691,Sengkang General Hospital,0.622523114952691,Sengkang General Hospital,0.0,4.467996674979219,7.418952618453865,Low elderly - Near,True,False,False,False
SENGKANG|FERNVALE,SESZ06,NORTH-EAST REGION,Sengkang,Fernvale,71100,8410,3120,680,11.828410689170182,4.3881856540084385,2.3916270445366417,True,Not significant,105.35239743884648,100.0,0.0,1.5684320994334573,Institute of Mental Health,1.5684320994334573,Institute of Mental Health,0.0,5.7312925170068025,17.346938775510203,Low elderly - Near,True,False,False,True
PUNGGOL|PUNGGOL FIELD,PGSZ04,NORTH-EAST REGION,Punggol,Punggol Field,47970,6750,2510,580,14.071294559099437,5.232436939754013,1.3787105357159801,True,Low-Low,117.85949608203569,100.0,0.0,1.8866461149142184,Sengkang General Hospital,1.8866461149142184,Sengkang General Hospital,0.0,2.1037581699346406,2.8799019607843137,Not significant,True,False,False,False
CHOA CHU KANG|YEW TEE,CKSZ06,WEST REGION,Choa Chu Kang,Yew Tee,38580,6070,1730,380,15.733540694660446,4.484188698807673,0.9232147480657497,True,Not significant,113.03437220004247,100.0,0.0,5.774221669779777,Woodlands Hospital,5.774221669779777,Woodlands Hospital,0.0,0.0,0.0,Low elderly - Far,True,True,False,False
HOUGANG|TRAFALGAR,HGSZ05,NORTH-EAST REGION,Hougang,Trafalgar,47810,9640,3110,650,20.163145785400545,6.504915289688349,1.7443874074114503,True,Not significant,97.41390037067713,100.0,0.0,0.67809380749343,Institute of Mental Health,0.67809380749343,Institute of Mental Health,0.0,6.971544715447155,11.21951219512195,High elderly - Near,True,False,False,True
CHOA CHU KANG|TECK WHYE,CKSZ01,WEST REGION,Choa Chu Kang,Teck Whye,24010,5550,1940,420,23.115368596418158,8.07996668054977,1.0032026199308108,True,Not significant,96.12570626258038,100.0,0.0,5.197334197765215,Ng Teng Fong General Hospital,5.197334197765215,Ng Teng Fong General Hospital,0.0,7.154605263157895,23.231907894736842,High elderly - Far,True,True,False,True
CHOA CHU KANG|CHOA CHU KANG CENTRAL,CKSZ03,WEST REGION,Choa Chu Kang,Choa Chu Kang Central,21540,3490,1130,250,16.202414113277623,5.246053853296194,1.0956879647518547,True,Not significant,99.06768757375387,100.0,0.0,5.523021249578066,Ng Teng Fong General Hospital,5.523021249578066,Ng Teng Fong General Hospital,0.0,0.0,0.0,Low elderly - Far,False,True,False,False
BUKIT PANJANG|FAJAR,BPSZ03,WEST REGION,Bukit Panjang,Fajar,25680,4540,1500,310,17.6791277258567,5.841121495327103,0.6684544392705407,True,Not significant,116.04976504996861,100.0,0.0,5.1030967393708835,Woodlands Hospital,5.1030967393708835,Woodlands Hospital,0.0,1.8691588785046729,8.806613946800862,Low elderly - Far,False,True,False,False
BUKIT PANJANG|SENJA,BPSZ01,WEST REGION,Bukit Panjang,Senja,23590,4010,1510,380,16.998728274692667,6.401017380245867,0.6248775001244378,True,Not significant,76.96627307995236,100.0,0.0,5.679205372435147,Woodlands Hospital,5.679205372435147,Woodlands Hospital,0.0,7.932573128408528,10.907288051561725,Low elderly - Far,False,True,False,True
BUKIT PANJANG|SAUJANA,BPSZ02,WEST REGION,Bukit Panjang,Saujana,24260,3970,1100,230,16.364385820280297,4.534212695795548,0.6749920009489399,True,Not significant,93.36770080464936,100.0,0.0,5.269552995465029,Woodlands Hospital,5.269552995465029,Woodlands Hospital,0.0,1.0802469135802468,3.7808641975308643,Low elderly - Far,False,True,False,False
SERANGOON|SELETAR HILLS,SGSZ01,NORTH-EAST REGION,Serangoon,Seletar Hills,15240,3500,1470,420,22.965879265091864,9.645669291338583,2.3306832644518853,True,Not significant,215.84112549668893,95.44080647802477,159.5717732691328,1.9945903757601071,Institute of Mental Health,1.9945903757601071,Institute of Mental Health,0.0,0.0,0.0,Not significant,False,False,False,False
SENGKANG|COMPASSVALE,SESZ05,NORTH-EAST REGION,Sengkang,Compassvale,21530,2470,940,180,11.4723641430562,4.3660009289363675,1.0932134908855795,True,Not significant,119.46076509074747,100.0,0.0,1.021757696977537,Institute of Mental Health,1.021757696977537,Institute of Mental Health,0.0,2.6240458015267176,4.3893129770992365,Low elderly - Near,False,False,False,False
ANG MO KIO|YIO CHU KANG EAST,AMSZ12,NORTH-EAST REGION,Ang Mo Kio,Yio Chu Kang East,4400,1000,430,110,22.727272727272727,9.772727272727273,1.861872041942551,True,High-High,186.06645924162794,100.0,0.0,3.7858836428035394,Khoo Teck Puat Hospital,3.7858836428035394,Khoo Teck Puat Hospital,0.0,0.0,0.0,High elderly - Far,False,True,False,False
ANG MO KIO|TAGORE,AMSZ08,NORTH-EAST REGION,Ang Mo Kio,Tagore,8580,2070,870,280,24.125874125874127,10.13986013986014,3.3341924417321627,True,Not significant,165.60379116423624,87.95141573637916,249.40569425695145,4.100265823978213,Khoo Teck Puat Hospital,4.229061058292423,Khoo Teck Puat Hospital,0.12879523431421003,0.0,0.0,High elderly - Far,False,True,False,False
PASIR RIS|PASIR RIS PARK,PRSZ04,EAST REGION,Pasir Ris,Pasir Ris Park,7980,640,210,40,8.020050125313283,2.6315789473684212,1.71970487824459,True,Not significant,97.62279966875863,100.0,0.0,4.311244852953215,Changi General Hospital,4.311244852953215,Changi General Hospital,0.0,0.0,0.0,Low elderly - Far,False,True,False,False
CHOA CHU KANG|CHOA CHU KANG NORTH,CKSZ05,WEST REGION,Choa Chu Kang,Choa Chu Kang North,30090,5090,1540,380,16.915918909936856,5.11797939514789,1.0886380001008313,True,Not significant,114.09689706935406,100.0,0.0,6.257438337842409,Woodlands Hospital,6.257438337842409,Woodlands Hospital,0.0,4.729094895082994,6.420294393986846,Low elderly - Far,False,True,False,False
SENGKANG|RIVERVALE,SESZ02,NORTH-EAST REGION,Sengkang,Rivervale,62090,10750,3350,630,17.313577065550007,5.3953937832179095,1.5690347842273475,True,Low-Low,107.51298503792977,99.47693940840752,56.229013596191955,1.5750357066968907,Sengkang General Hospital,1.5750357066968907,Sengkang General Hospital,0.0,2.763819095477387,4.338358458961474,Not significant,True,False,False,False
JURONG WEST|YUNNAN,JWSZ08,WEST REGION,Jurong West,Yunnan,64710,11960,3930,760,18.482460207077732,6.073249884098285,2.2063050091353507,True,Not significant,109.7147424374874,100.0,0.0,5.84519923383311,Ng Teng Fong General Hospital,5.84519923383311,Ng Teng Fong General Hospital,0.0,2.251851851851852,5.57037037037037,Low elderly - Far,True,True,False,False
SERANGOON|LORONG CHUAN,SGSZ05,NORTH-EAST REGION,Serangoon,Lorong Chuan,8500,1800,720,220,21.176470588235293,8.470588235294118,1.1801261115191721,True,High-High,159.2812324635936,100.0,0.0,2.8888453344202065,Mount Alvernia Hospital,3.4271911667164514,Tan Tock Seng Hospital,0.5383458322962449,0.0,0.0,Not significant,False,False,False,False
JURONG WEST|HONG KAH,JWSZ03,WEST REGION,Jurong West,Hong Kah,50620,12150,4650,940,24.002370604504147,9.186092453575661,1.7934636308582725,True,High-Low,107.75457499177814,100.0,0.0,3.276134145481159,Ng Teng Fong General Hospital,3.276134145481159,Ng Teng Fong General Hospital,0.0,1.50306179254036,23.510855446279457,High elderly - Far,True,True,False,False
YISHUN|KHATIB,YSSZ08,NORTH REGION,Yishun,Khatib,9510,2620,860,170,27.549947423764458,9.04311251314406,1.4329130623933564,True,Not significant,105.02782288137746,100.0,0.0,0.8229680428227282,Khoo Teck Puat Hospital,0.8229680428227282,Khoo Teck Puat Hospital,0.0,2.1463414634146343,22.4390243902439,High elderly - Near,True,False,False,False
YISHUN|YISHUN SOUTH,YSSZ04,NORTH REGION,Yishun,Yishun South,40540,8440,2940,700,20.818944252590036,7.252096694622595,1.3401679884112805,True,Not significant,110.5713363583443,100.0,0.0,0.7478444725186788,Khoo Teck Puat Hospital,0.7478444725186788,Khoo Teck Puat Hospital,0.0,2.367424242424242,13.162878787878787,High elderly - Near,True,False,False,False
WOODLANDS|WOODLANDS EAST,WDSZ03,NORTH REGION,Woodlands,Woodlands East,97800,12740,3670,760,13.026584867075664,3.7525562372188137,2.5534637239503075,True,Low-Low,105.89413463669963,100.0,0.0,2.088197275846787,Woodlands Hospital,2.088197275846787,Woodlands Hospital,0.0,3.061224489795918,5.223277429783795,Not significant,True,False,False,False
SEMBAWANG|SEMBAWANG CENTRAL,SBSZ03,NORTH REGION,Sembawang,Sembawang Central,34590,4990,1520,370,14.426134721017634,4.39433362243423,0.9614217227103934,True,Low-Low,100.16730762316809,100.0,0.0,3.3045391623349256,Khoo Teck Puat Hospital,3.3045391623349256,Khoo Teck Puat Hospital,0.0,5.2298850574712645,7.068965517241379,Not significant,False,True,False,False
SEMBAWANG|SEMBAWANG EAST,SBSZ01,NORTH REGION,Sembawang,Sembawang East,24460,1760,590,130,7.195421095666394,2.41210139002453,0.7581234599453771,True,Not significant,110.80423513766115,100.0,0.0,2.686588019266449,Khoo Teck Puat Hospital,2.686588019266449,Khoo Teck Puat Hospital,0.0,16.608996539792386,33.160322952710494,Not significant,False,False,False,True
PUNGGOL|MATILDA,PGSZ03,NORTH-EAST REGION,Punggol,Matilda,52190,5130,1990,420,9.82946924698218,3.8129909944433797,1.418032686178308,True,Low-Low,105.52375991970308,100.0,0.0,1.1120518741225456,Sengkang General Hospital,1.1120518741225456,Sengkang General Hospital,0.0,7.509578544061303,18.199233716475096,Not significant,False,False,False,True
PUNGGOL|WATERWAY EAST,PGSZ05,NORTH-EAST REGION,Punggol,Waterway East,53510,5110,1870,360,9.549616894038497,3.4946738927303307,1.4892468827448146,True,Low-Low,107.65656010483845,100.0,0.0,2.4710242384455707,Sengkang General Hospital,2.4710242384455707,Sengkang General Hospital,0.0,5.812574139976276,15.856069592724397,Not significant,False,False,False,True
KALLANG|CRAWFORD,KLSZ09,CENTRAL REGION,Kallang,Crawford,7570,2840,1300,320,37.51651254953765,17.17305151915456,0.23599695208773058,True,High-High,85.90191571884363,100.0,0.0,0.7826211747427186,Raffles Hospital,1.9720718277236617,KK Women's and Children's Hospital,1.189450652980943,50.95465393794749,78.28162291169451,High elderly - Near,True,False,False,True
TENGAH|PARK,THSZ03,WEST REGION,Tengah,Park,9740,770,200,30,7.905544147843942,2.0533880903490758,1.4591586324641976,True,Low-Low,154.52253428863935,100.0,0.0,3.4319607880287353,Ng Teng Fong General Hospital,3.4319607880287353,Ng Teng Fong General Hospital,0.0,,,Low elderly - Far,False,True,False,False
TENGAH|PLANTATION,THSZ06,WEST REGION,Tengah,Plantation,13370,1180,350,60,8.825729244577412,2.6178010471204187,0.89910254442412,True,Not significant,133.63840095445246,100.0,0.0,2.6365000180976224,Ng Teng Fong General Hospital,2.6365000180976224,Ng Teng Fong General Hospital,0.0,,,Not significant,False,False,False,False
TENGAH|GARDEN,THSZ05,WEST REGION,Tengah,Garden,11370,760,200,50,6.684256816182938,1.7590149516270888,0.7807597058337348,True,Not significant,113.04513917797202,100.0,0.0,3.3156138400844757,Ng Teng Fong General Hospital,3.3156138400844757,Ng Teng Fong General Hospital,0.0,,,Not significant,False,True,False,False
WOODLANDS|NORTH COAST,WDSZ09,NORTH REGION,Woodlands,North Coast,10960,2740,1070,240,25.0,9.762773722627736,2.4509475475736995,True,High-Low,110.94142293282655,100.0,0.0,3.1901327131614097,Woodlands Hospital,3.1901327131614097,Woodlands Hospital,0.0,0.9917355371900827,39.752066115702476,Not significant,True,True,False,False
YISHUN|SPRINGLEAF,YSSZ06,NORTH REGION,Yishun,Springleaf,4380,1050,460,90,23.972602739726028,10.502283105022832,2.209210705231726,True,Not significant,237.38700106893765,86.77216601130509,138.89225688129665,3.149059029482909,Khoo Teck Puat Hospital,3.149059029482909,Khoo Teck Puat Hospital,0.0,0.0,0.0,Not significant,False,True,False,False
PUNGGOL|PUNGGOL TOWN CENTRE,PGSZ02,NORTH-EAST REGION,Punggol,Punggol Town Centre,24850,1950,670,120,7.847082494969819,2.6961770623742454,1.2620371154680121,True,Low-Low,102.28796298834767,100.0,0.0,1.7639028616770234,Sengkang General Hospital,1.7639028616770234,Sengkang General Hospital,0.0,6.064690026954178,21.78796046720575,Not significant,False,False,False,True
SEMBAWANG|SEMBAWANG STRAITS,SBSZ06,NORTH REGION,Sembawang,Sembawang Straits,2430,360,150,30,14.814814814814815,6.172839506172839,1.540733674804967,True,Low-Low,197.12166751162775,100.0,0.0,3.779147669100127,Khoo Teck Puat Hospital,3.779147669100127,Khoo Teck Puat Hospital,0.0,0.0,0.0,Not significant,False,True,False,False
MARINE PARADE|MOUNTBATTEN,MPSZ01,CENTRAL REGION,Marine Parade,Mountbatten,10840,2080,930,250,19.18819188191882,8.579335793357934,1.711946013118045,True,Not significant,111.91290765304304,100.0,0.0,2.613872433956989,Parkway East Hospital,5.111545107352788,KK Women's and Children's Hospital,2.4976726733957992,0.0,0.0,Not significant,False,False,False,False
GEYLANG|ALJUNIED,GLSZ04,CENTRAL REGION,Geylang,Aljunied,45420,10140,4400,1270,22.324966974900924,9.68736239542052,2.961466150497797,True,Not significant,132.273368981736,100.0,0.0,2.613573825487302,Parkway East Hospital,4.273157754586778,KK Women's and Children's Hospital,1.659583929099476,4.976244061015254,26.881720430107528,Not significant,True,False,False,False
WOODLANDS|WOODLANDS SOUTH,WDSZ04,NORTH REGION,Woodlands,Woodlands South,41570,5300,1760,380,12.749579023334135,4.233822468126053,1.5760014758114478,True,Not significant,90.1157387287245,100.0,0.0,0.8178500703023344,Woodlands Hospital,0.8178500703023344,Woodlands Hospital,0.0,4.487804878048781,7.146341463414634,Not significant,False,False,False,False
WOODLANDS|WOODGROVE,WDSZ05,NORTH REGION,Woodlands,Woodgrove,34990,5520,1730,420,15.77593598170906,4.944269791368963,1.6641872478681998,True,Not significant,135.75671281125756,100.0,0.0,1.7403911424858423,Woodlands Hospital,1.7403911424858423,Woodlands Hospital,0.0,0.6510802012429713,6.451612903225806,Not significant,False,False,False,False
YISHUN|YISHUN EAST,YSSZ03,NORTH REGION,Yishun,Yishun East,77880,10370,3330,670,13.315356959424756,4.275808936825886,1.7692460549360318,True,Not significant,116.1978005553137,100.0,0.0,1.1357522268092237,Khoo Teck Puat Hospital,1.1357522268092237,Khoo Teck Puat Hospital,0.0,6.939179165979891,18.77369375309049,Low elderly - Near,True,False,False,True
SEMBAWANG|ADMIRALTY,SBSZ05,NORTH REGION,Sembawang,Admiralty,13250,1970,680,170,14.867924528301886,5.132075471698113,1.2616487480228031,True,Low-Low,109.46117954409809,99.86164904608444,2.7255137921365535,3.495112170377389,Khoo Teck Puat Hospital,3.495112170377389,Khoo Teck Puat Hospital,0.0,7.902298850574713,13.290229885057471,Not significant,False,True,False,True
SEMBAWANG|SEMBAWANG NORTH,SBSZ04,NORTH REGION,Sembawang,Sembawang North,25310,3730,1100,240,14.737258000790202,4.34610825760569,1.39447853702285,True,Low-Low,122.29801743441296,100.0,0.0,4.096951726104437,Woodlands Hospital,4.096951726104437,Woodlands Hospital,0.0,4.072043852779953,4.9334377447141735,Not significant,False,True,False,False
YISHUN|YISHUN WEST,YSSZ09,NORTH REGION,Yishun,Yishun West,50190,11750,4200,980,23.41103805538952,8.368200836820083,1.5177673891873789,True,Not significant,109.56944469354589,100.0,0.0,1.2133895639315844,Khoo Teck Puat Hospital,1.2133895639315844,Khoo Teck Puat Hospital,0.0,2.28158041179744,35.70766091634205,Not significant,True,False,False,False
YISHUN|NORTHLAND,YSSZ02,NORTH REGION,Yishun,Northland,26050,5930,1910,420,22.76391554702495,7.332053742802303,1.5110003631174387,True,High-Low,123.7644760620929,100.0,0.0,1.2399922187162928,Khoo Teck Puat Hospital,1.2399922187162928,Khoo Teck Puat Hospital,0.0,3.357142857142857,26.357142857142858,Not significant,True,False,False,False
WOODLANDS|MIDVIEW,WDSZ02,NORTH REGION,Woodlands,Midview,33490,4800,1530,390,14.33263660794267,4.568527918781726,0.9364155261239272,True,Not significant,93.57525329872865,100.0,0.0,1.7700835644792368,Woodlands Hospital,1.7700835644792368,Woodlands Hospital,0.0,3.629146583498724,6.407711936489934,Not significant,False,False,False,False
WOODLANDS|WOODLANDS WEST,WDSZ06,NORTH REGION,Woodlands,Woodlands West,36370,7070,2430,520,19.439098157822382,6.681330767115755,1.6486299087167346,True,Not significant,105.5578662715748,100.0,0.0,2.417621232989363,Woodlands Hospital,2.417621232989363,Woodlands Hospital,0.0,12.415216750221173,38.45473311707461,Not significant,True,False,False,True
SEMBAWANG|SEMBAWANG SPRINGS,SBSZ02,NORTH REGION,Sembawang,Sembawang Springs,15530,1930,790,210,12.427559562137798,5.086928525434643,1.0993947204227803,True,Not significant,150.96986401282544,100.0,0.0,2.4680067027816124,Khoo Teck Puat Hospital,2.4680067027816124,Khoo Teck Puat Hospital,0.0,0.0,0.0,Not significant,False,False,False,False
YISHUN|NEE SOON,YSSZ07,NORTH REGION,Yishun,Nee Soon,1110,160,70,10,14.414414414414415,6.306306306306307,2.206749933663366,True,Not significant,152.2690126922821,100.0,0.0,3.5682596384687315,Khoo Teck Puat Hospital,3.5682596384687315,Khoo Teck Puat Hospital,0.0,0.0,0.0,Not significant,False,True,False,False
BISHAN|UPPER THOMSON,BSSZ01,CENTRAL REGION,Bishan,Upper Thomson,30870,7110,3250,960,23.03206997084548,10.528020732102364,3.849506971745297,True,High-High,133.13542857734495,100.0,0.0,1.796080858000219,Mount Alvernia Hospital,4.289128355150411,Tan Tock Seng Hospital,2.493047497150192,2.994215719632528,13.371895202449814,Not significant,True,False,False,False
ANG MO KIO|SHANGRI-LA,AMSZ05,NORTH-EAST REGION,Ang Mo Kio,Shangri-La,18680,4620,2080,590,24.73233404710921,11.13490364025696,0.6879136651701983,True,High-High,124.07410758568601,100.0,0.0,2.8507948318505143,Mount Alvernia Hospital,5.202842956442152,Tan Tock Seng Hospital,2.3520481245916374,16.791979949874687,54.824561403508774,High elderly - Far,True,False,False,True
ANG MO KIO|TOWNSVILLE,AMSZ04,NORTH-EAST REGION,Ang Mo Kio,Townsville,19530,5770,2810,790,29.544290834613417,14.388120839733743,0.546393826235228,True,High-High,132.2806404186363,100.0,0.0,2.774094133688776,Mount Alvernia Hospital,4.490974473013283,Institute of Mental Health,1.7168803393245073,6.385998107852412,36.89687795648061,Not significant,True,False,False,True
BISHAN|MARYMOUNT,BSSZ02,CENTRAL REGION,Bishan,Marymount,28400,6260,2380,540,22.04225352112676,8.380281690140846,1.9641445922014937,True,High-High,136.7591588500247,100.0,0.0,1.7787923333819378,Mount Alvernia Hospital,3.9502591027530767,Tan Tock Seng Hospital,2.171466769371139,0.0,0.0,Not significant,True,False,False,False
